composite_key,tier,visitor_count,avg_return_rate,avg_arpv,avg_visits_per_year,avg_party_size,avg_cac
occasional|family_large|luxury,premium_pass,784,0.4774,316.1,3.0,5.5,104.01
season_pass|solo|standard,premium_pass,751,0.9318,223.47,24.1,1.0,30.11
regular|solo|standard,premium_pass,742,0.6967,229.88,6.4,1.0,45.33
one_time|family_large|budget,premium_pass,741,0.2112,147.11,1.1,5.5,118.86
season_pass|family_small|value,premium_pass,741,0.9711,220.36,21.1,3.5,65.8
occasional|solo|standard,premium_pass,728,0.5026,200.19,2.2,1.0,98.68
occasional|group|value,premium_pass,725,0.4266,212.58,2.5,8.0,68.45
frequent|group|premium,premium_pass,722,0.9137,232.98,14.4,8.0,83.63
frequent|family_small|luxury,premium_pass,713,0.7656,314.98,10.7,3.5,108.63
occasional|solo|luxury,premium_pass,705,0.5453,341.92,2.5,1.0,111.86
regular|family_small|value,premium_pass,697,0.674,190.48,7.1,3.5,100.42
season_pass|group|luxury,premium_pass,695,0.9057,366.99,22.3,8.0,114.74
season_pass|solo|premium,premium_pass,692,0.98,250.07,26.6,1.0,83.3
frequent|solo|budget,premium_pass,677,0.867,171.42,12.1,1.0,105.77
one_time|couple|standard,premium_pass,673,0.3629,226.38,0.8,2.0,119.63
season_pass|solo|luxury,premium_pass,663,0.9227,304.4,25.5,1.0,100.87
occasional|couple|premium,premium_pass,659,0.5422,283.9,2.1,2.0,58.52
occasional|family_small|value,premium_pass,651,0.4923,218.76,2.5,3.5,65.62
regular|family_small|standard,premium_pass,645,0.6722,243.05,6.1,3.5,90.58
season_pass|family_small|premium,premium_pass,644,0.9557,250.42,23.1,3.5,82.81
season_pass|family_large|luxury,premium_pass,632,0.8776,370.72,22.9,5.5,86.76
regular|group|standard,premium_pass,625,0.6784,189.66,5.1,8.0,36.17
one_time|family_small|budget,premium_pass,622,0.15,183.5,1.0,3.5,66.35
occasional|family_large|value,premium_pass,622,0.485,168.5,2.9,5.5,57.39
regular|family_large|premium,premium_pass,621,0.6042,224.93,6.4,5.5,92.09
regular|family_large|budget,premium_pass,620,0.698,181.17,5.8,5.5,92.15
occasional|solo|budget,premium_pass,610,0.4481,152.36,2.1,1.0,64.3
season_pass|family_small|standard,premium_pass,604,0.9395,199.33,19.8,3.5,73.08
one_time|family_large|premium,premium_pass,603,0.3382,253.65,0.9,5.5,44.77
frequent|solo|value,premium_pass,584,0.8144,221.95,10.5,1.0,63.93
frequent|family_large|premium,premium_pass,583,0.8787,281.44,9.9,5.5,91.13
regular|family_large|luxury,premium_pass,582,0.7693,302.15,5.3,5.5,37.35
season_pass|group|budget,premium_pass,580,0.8597,155.07,28.4,8.0,55.83
regular|couple|premium,premium_pass,572,0.6942,263.74,5.6,2.0,72.78
frequent|family_large|value,premium_pass,568,0.8818,173.17,10.9,5.5,72.86
season_pass|couple|standard,premium_pass,555,0.8317,208.13,24.4,2.0,57.8
regular|couple|budget,premium_pass,553,0.7112,140.68,6.3,2.0,75.22
occasional|group|luxury,premium_pass,539,0.4689,328.94,2.6,8.0,111.76
frequent|group|value,premium_pass,514,0.8343,219.39,14.2,8.0,48.28
season_pass|couple|luxury,premium_pass,514,0.8986,290.1,26.7,2.0,108.33
one_time|family_small|value,premium_pass,513,0.2145,208.6,1.0,3.5,87.72
occasional|family_large|budget,premium_pass,507,0.5383,159.44,2.4,5.5,31.95
one_time|solo|premium,premium_pass,506,0.2356,240.94,0.8,1.0,92.25
frequent|family_small|standard,premium_pass,505,0.8189,244.46,12.8,3.5,96.07
regular|family_small|budget,premium_pass,478,0.7561,186.16,5.4,3.5,32.31
occasional|family_large|standard,premium_pass,475,0.4898,224.35,2.3,5.5,99.57
one_time|family_large|value,premium_pass,464,0.2284,206.27,1.1,5.5,93.24
occasional|solo|premium,premium_pass,463,0.5551,239.33,2.5,1.0,67.64
frequent|couple|luxury,premium_pass,463,0.8602,311.85,11.9,2.0,76.98
occasional|couple|budget,premium_pass,456,0.5029,166.9,2.7,2.0,116.0
season_pass|family_small|luxury,premium_pass,455,0.8605,368.91,24.4,3.5,81.56
one_time|family_large|luxury,premium_pass,449,0.2997,346.76,1.1,5.5,81.17
frequent|group|budget,premium_pass,446,0.8339,167.17,12.6,8.0,36.37
season_pass|family_large|budget,premium_pass,445,0.9348,175.39,26.2,5.5,42.88
frequent|family_small|budget,premium_pass,423,0.8498,154.52,12.2,3.5,115.62
one_time|solo|luxury,premium_pass,415,0.15,330.71,1.0,1.0,39.28
one_time|group|value,premium_pass,415,0.15,192.55,0.8,8.0,78.61
season_pass|solo|value,premium_pass,407,0.8822,222.22,21.9,1.0,37.56
frequent|family_small|premium,premium_pass,404,0.844,264.28,9.8,3.5,55.24
regular|solo|premium,premium_pass,403,0.6306,288.36,5.6,1.0,86.69
frequent|solo|standard,premium_pass,403,0.8486,225.56,11.4,1.0,59.68
one_time|family_large|standard,premium_pass,388,0.2372,242.46,0.8,5.5,94.88
season_pass|couple|premium,premium_pass,376,0.9642,303.41,25.4,2.0,44.52
occasional|couple|value,premium_pass,372,0.5477,170.98,2.2,2.0,98.37
one_time|family_small|standard,premium_pass,365,0.2992,203.0,1.0,3.5,103.4
one_time|group|premium,premium_pass,365,0.2172,287.39,0.9,8.0,112.0
occasional|family_small|standard,premium_pass,349,0.4494,216.07,2.6,3.5,101.56
frequent|solo|premium,premium_pass,340,0.8761,240.76,10.4,1.0,113.36
regular|family_large|value,premium_pass,338,0.7272,224.59,6.0,5.5,116.04
frequent|family_large|luxury,premium_pass,332,0.8128,348.76,13.6,5.5,66.59
one_time|couple|budget,premium_pass,329,0.2351,167.85,0.9,2.0,47.03
season_pass|family_large|premium,premium_pass,329,0.98,283.22,24.9,5.5,58.82
one_time|solo|standard,premium_pass,321,0.2638,239.81,0.9,1.0,52.45
occasional|couple|luxury,premium_pass,316,0.4648,285.22,2.9,2.0,117.25
frequent|group|luxury,premium_pass,312,0.8063,350.52,11.9,8.0,93.42
one_time|couple|value,premium_pass,296,0.2931,189.2,0.9,2.0,58.2
frequent|solo|luxury,premium_pass,287,0.8459,295.03,11.9,1.0,62.06
season_pass|family_large|value,premium_pass,287,0.9168,217.78,23.2,5.5,85.78
occasional|family_large|premium,premium_pass,280,0.4411,241.89,2.4,5.5,61.5
season_pass|family_small|budget,premium_pass,276,0.9254,186.2,27.4,3.5,115.12
season_pass|group|value,premium_pass,275,0.8667,171.66,21.2,8.0,96.39
one_time|group|standard,premium_pass,272,0.3021,187.69,1.0,8.0,30.84
occasional|solo|value,premium_pass,266,0.4868,220.16,2.7,1.0,74.87
occasional|couple|standard,premium_pass,258,0.5975,218.86,3.0,2.0,43.61
occasional|group|premium,premium_pass,258,0.5374,297.67,2.9,8.0,53.36
occasional|family_small|premium,premium_pass,257,0.4734,269.57,2.6,3.5,97.45
regular|group|luxury,premium_pass,247,0.6293,338.62,6.6,8.0,67.96
one_time|solo|budget,premium_pass,243,0.2602,157.11,1.2,1.0,66.21
regular|solo|budget,premium_pass,240,0.7483,180.83,6.6,1.0,106.93
one_time|couple|premium,premium_pass,239,0.2435,291.96,1.2,2.0,115.89
regular|solo|value,premium_pass,234,0.68,188.46,5.1,1.0,117.01
one_time|group|luxury,premium_pass,233,0.3227,298.13,0.8,8.0,80.7
frequent|family_large|budget,premium_pass,227,0.7855,169.19,10.0,5.5,74.83
season_pass|couple|budget,premium_pass,219,0.9513,173.65,25.6,2.0,45.9
season_pass|group|standard,premium_pass,214,0.98,242.54,22.1,8.0,77.76
regular|family_large|standard,premium_pass,210,0.7186,233.74,5.0,5.5,79.66
one_time|group|budget,premium_pass,209,0.2653,162.66,1.2,8.0,110.92
season_pass|group|premium,premium_pass,208,0.9338,234.46,26.4,8.0,35.99
occasional|family_small|luxury,premium_pass,206,0.6349,310.3,2.4,3.5,103.42
one_time|couple|luxury,premium_pass,205,0.2254,327.12,1.1,2.0,48.4
regular|group|value,premium_pass,202,0.7281,218.34,6.3,8.0,59.94
one_time|family_small|premium,premium_pass,200,0.3444,230.12,0.9,3.5,55.09
regular|solo|luxury,premium_pass,186,0.6986,333.69,6.6,1.0,61.05
regular|family_small|premium,premium_pass,186,0.7291,250.6,6.4,3.5,100.8
season_pass|solo|budget,premium_pass,176,0.8845,149.54,27.3,1.0,86.55
frequent|couple|premium,premium_pass,159,0.8678,237.48,12.0,2.0,51.09
frequent|family_large|standard,premium_pass,159,0.8456,224.05,13.4,5.5,81.4
regular|couple|luxury,premium_pass,152,0.667,351.29,7.1,2.0,71.27
regular|group|premium,premium_pass,148,0.636,277.05,5.6,8.0,77.66
one_time|solo|value,premium_pass,142,0.2353,186.94,0.9,1.0,109.76
occasional|family_small|budget,premium_pass,140,0.4898,166.15,2.7,3.5,88.84
occasional|group|standard,premium_pass,140,0.5194,190.38,2.7,8.0,114.86
frequent|group|standard,premium_pass,132,0.8342,197.47,13.1,8.0,84.53
frequent|couple|budget,premium_pass,131,0.8109,151.65,13.2,2.0,96.71
frequent|couple|value,premium_pass,127,0.8415,199.19,14.1,2.0,78.56
season_pass|family_large|standard,premium_pass,118,0.9058,188.42,25.1,5.5,70.36
occasional|group|budget,premium_pass,100,0.4631,167.13,2.2,8.0,44.4
regular|family_small|luxury,premium_pass,90,0.6852,325.9,5.9,3.5,46.8
season_pass|couple|value,premium_pass,85,0.98,171.75,26.7,2.0,118.9
regular|couple|standard,premium_pass,68,0.6475,194.44,6.2,2.0,79.06
regular|group|budget,premium_pass,67,0.6676,182.58,5.2,8.0,78.31
frequent|couple|standard,premium_pass,65,0.8916,206.84,10.8,2.0,85.52
one_time|family_small|luxury,premium_pass,64,0.2845,365.55,1.1,3.5,36.47
regular|couple|value,premium_pass,56,0.7469,173.14,6.7,2.0,47.15
frequent|family_small|value,premium_pass,51,0.828,206.77,12.0,3.5,112.68
season_pass|group|standard,standard_pass,793,0.9485,129.7,24.3,8.0,46.98
frequent|family_large|value,standard_pass,789,0.7755,112.36,12.8,5.5,33.27
one_time|couple|value,standard_pass,788,0.2443,102.63,0.9,2.0,115.48
one_time|family_small|premium,standard_pass,770,0.2238,160.39,1.1,3.5,88.44
one_time|group|standard,standard_pass,761,0.3702,119.74,1.0,8.0,92.55
season_pass|solo|premium,standard_pass,761,0.8843,158.28,19.6,1.0,37.69
regular|couple|budget,standard_pass,759,0.6619,100.46,6.2,2.0,83.25
regular|family_small|premium,standard_pass,757,0.7312,138.78,5.0,3.5,39.81
season_pass|family_small|premium,standard_pass,752,0.9462,143.99,28.6,3.5,104.14
one_time|family_large|value,standard_pass,751,0.2665,114.67,1.0,5.5,75.11
regular|family_small|budget,standard_pass,748,0.7144,90.03,6.3,3.5,118.79
regular|group|premium,standard_pass,733,0.6565,140.28,4.8,8.0,68.12
regular|family_small|value,standard_pass,730,0.6941,93.23,5.2,3.5,78.26
season_pass|couple|budget,standard_pass,726,0.9785,79.57,26.6,2.0,73.84
season_pass|family_large|budget,standard_pass,724,0.8886,82.22,21.6,5.5,108.94
frequent|group|premium,standard_pass,720,0.9065,132.58,12.7,8.0,64.22
regular|group|standard,standard_pass,713,0.7031,113.96,5.5,8.0,113.81
frequent|solo|value,standard_pass,705,0.9006,114.06,10.2,1.0,96.24
occasional|family_small|luxury,standard_pass,697,0.5352,178.08,3.0,3.5,44.29
occasional|group|value,standard_pass,693,0.5289,120.44,2.2,8.0,31.18
one_time|family_small|value,standard_pass,677,0.2475,102.38,0.8,3.5,99.46
one_time|group|budget,standard_pass,677,0.273,98.72,1.0,8.0,39.46
one_time|couple|standard,standard_pass,674,0.272,130.2,0.9,2.0,52.32
regular|family_small|luxury,standard_pass,673,0.6957,176.87,5.8,3.5,118.13
frequent|solo|standard,standard_pass,672,0.8636,128.41,11.7,1.0,33.66
frequent|couple|value,standard_pass,664,0.818,123.84,12.0,2.0,103.11
frequent|family_small|standard,standard_pass,644,0.8242,111.89,11.2,3.5,92.53
regular|couple|luxury,standard_pass,642,0.7329,157.1,7.0,2.0,68.89
occasional|family_small|value,standard_pass,620,0.4207,106.42,2.9,3.5,47.6
frequent|family_large|standard,standard_pass,615,0.7574,122.31,12.4,5.5,68.13
one_time|family_large|premium,standard_pass,608,0.2931,160.7,0.9,5.5,97.03
occasional|couple|budget,standard_pass,593,0.4885,77.15,2.8,2.0,114.19
frequent|family_small|budget,standard_pass,591,0.854,97.97,12.3,3.5,50.81
season_pass|group|value,standard_pass,582,0.9694,109.23,22.6,8.0,61.17
regular|group|value,standard_pass,580,0.7094,102.3,5.0,8.0,103.88
regular|family_small|standard,standard_pass,575,0.7031,105.25,7.2,3.5,40.88
frequent|family_large|budget,standard_pass,573,0.8682,85.96,12.6,5.5,30.69
one_time|family_large|luxury,standard_pass,561,0.2298,179.63,1.0,5.5,32.54
one_time|group|premium,standard_pass,560,0.2982,155.95,0.9,8.0,77.41
season_pass|group|luxury,standard_pass,557,0.9023,172.15,20.7,8.0,75.17
occasional|family_large|standard,standard_pass,554,0.4905,121.45,3.0,5.5,80.36
frequent|group|value,standard_pass,552,0.7596,120.67,10.3,8.0,43.31
occasional|family_large|budget,standard_pass,550,0.3954,97.84,2.6,5.5,83.01
frequent|family_small|premium,standard_pass,542,0.8645,123.47,10.0,3.5,108.64
one_time|couple|budget,standard_pass,535,0.3032,87.74,1.0,2.0,96.87
regular|group|luxury,standard_pass,523,0.6011,171.3,6.1,8.0,111.33
occasional|solo|value,standard_pass,516,0.5204,122.53,2.4,1.0,112.25
one_time|family_small|budget,standard_pass,504,0.3225,99.55,1.2,3.5,60.93
one_time|solo|budget,standard_pass,498,0.1994,99.32,1.2,1.0,32.9
frequent|couple|budget,standard_pass,487,0.8399,103.16,12.2,2.0,48.01
season_pass|solo|luxury,standard_pass,480,0.8821,199.27,21.1,1.0,101.11
season_pass|family_small|budget,standard_pass,455,0.98,89.71,26.5,3.5,98.96
regular|family_large|luxury,standard_pass,448,0.7041,175.87,5.3,5.5,62.38
one_time|group|value,standard_pass,447,0.3445,109.89,0.8,8.0,87.83
one_time|couple|luxury,standard_pass,443,0.2006,166.19,0.9,2.0,55.32
one_time|solo|value,standard_pass,435,0.2775,106.86,0.9,1.0,108.87
frequent|solo|premium,standard_pass,421,0.8746,136.12,9.6,1.0,91.33
frequent|solo|budget,standard_pass,417,0.8555,99.48,13.9,1.0,50.06
season_pass|solo|budget,standard_pass,416,0.98,99.45,28.4,1.0,115.88
one_time|group|luxury,standard_pass,408,0.2146,182.93,0.9,8.0,79.53
occasional|family_small|standard,standard_pass,404,0.5551,120.74,2.9,3.5,63.87
occasional|group|standard,standard_pass,399,0.6301,119.59,2.5,8.0,37.89
one_time|family_small|standard,standard_pass,386,0.264,106.08,1.0,3.5,72.07
occasional|family_small|budget,standard_pass,373,0.4554,102.21,2.4,3.5,93.17
regular|family_large|value,standard_pass,372,0.7533,112.17,7.0,5.5,103.67
season_pass|family_large|luxury,standard_pass,372,0.891,165.34,28.2,5.5,52.67
one_time|solo|premium,standard_pass,366,0.3008,144.94,1.0,1.0,78.24
frequent|solo|luxury,standard_pass,363,0.84,181.47,14.1,1.0,81.39
season_pass|family_small|luxury,standard_pass,345,0.8829,188.28,25.7,3.5,55.28
one_time|family_small|luxury,standard_pass,344,0.1908,153.37,0.9,3.5,118.05
frequent|group|luxury,standard_pass,343,0.8515,195.46,11.4,8.0,73.14
season_pass|family_large|premium,standard_pass,343,0.8798,159.68,27.4,5.5,48.46
regular|solo|luxury,standard_pass,342,0.764,186.57,6.3,1.0,30.95
frequent|group|budget,standard_pass,331,0.8634,86.99,11.0,8.0,97.83
season_pass|family_small|standard,standard_pass,330,0.9482,126.39,26.4,3.5,75.38
season_pass|solo|standard,standard_pass,319,0.9287,130.24,24.0,1.0,51.05
season_pass|solo|value,standard_pass,306,0.8573,113.58,28.2,1.0,81.12
regular|solo|premium,standard_pass,300,0.6729,154.4,6.3,1.0,56.29
one_time|couple|premium,standard_pass,296,0.2569,156.55,1.1,2.0,47.01
regular|solo|value,standard_pass,282,0.668,117.13,6.1,1.0,105.63
frequent|family_small|luxury,standard_pass,272,0.8312,202.52,10.5,3.5,36.71
frequent|family_large|premium,standard_pass,269,0.875,151.38,11.7,5.5,67.39
season_pass|group|budget,standard_pass,266,0.98,97.36,25.5,8.0,112.98
season_pass|family_small|value,standard_pass,261,0.98,116.37,28.0,3.5,74.8
occasional|group|luxury,standard_pass,260,0.5066,191.69,2.8,8.0,74.04
regular|group|budget,standard_pass,256,0.7609,84.05,4.9,8.0,81.88
regular|solo|standard,standard_pass,248,0.7246,111.72,5.9,1.0,96.04
frequent|family_large|luxury,standard_pass,242,0.846,155.21,13.6,5.5,78.41
frequent|couple|premium,standard_pass,238,0.9004,145.17,11.1,2.0,64.33
one_time|solo|standard,standard_pass,229,0.2842,128.86,1.1,1.0,53.58
season_pass|couple|value,standard_pass,221,0.9022,92.32,19.9,2.0,36.16
regular|solo|budget,standard_pass,220,0.6873,95.17,6.9,1.0,50.51
one_time|family_large|budget,standard_pass,219,0.2211,102.93,1.1,5.5,92.75
occasional|couple|premium,standard_pass,217,0.5539,164.03,2.9,2.0,48.47
season_pass|couple|standard,standard_pass,217,0.9667,133.53,25.5,2.0,116.2
regular|family_large|standard,standard_pass,216,0.6598,122.91,6.0,5.5,95.53
season_pass|family_large|value,standard_pass,200,0.98,122.89,22.2,5.5,45.95
occasional|family_large|value,standard_pass,198,0.5282,109.43,2.7,5.5,110.87
occasional|couple|standard,standard_pass,178,0.4222,131.84,2.2,2.0,46.76
frequent|couple|standard,standard_pass,177,0.9013,137.92,9.9,2.0,60.3
occasional|couple|value,standard_pass,174,0.5266,110.88,2.4,2.0,112.36
occasional|solo|luxury,standard_pass,169,0.5187,177.92,2.2,1.0,67.47
occasional|group|premium,standard_pass,168,0.4324,134.22,2.3,8.0,89.08
regular|couple|standard,standard_pass,168,0.6504,132.57,4.9,2.0,31.1
occasional|solo|budget,standard_pass,164,0.5579,84.53,2.2,1.0,48.8
occasional|group|budget,standard_pass,161,0.4608,87.71,2.8,8.0,105.63
occasional|family_large|premium,standard_pass,152,0.4788,134.86,2.6,5.5,118.9
regular|family_large|budget,standard_pass,148,0.7132,86.74,6.9,5.5,57.77
season_pass|family_large|standard,standard_pass,141,0.9174,134.1,27.6,5.5,47.5
occasional|solo|premium,standard_pass,140,0.4521,124.91,2.6,1.0,89.73
occasional|solo|standard,standard_pass,136,0.5386,107.54,2.4,1.0,105.69
regular|couple|value,standard_pass,134,0.7037,107.92,7.2,2.0,103.67
season_pass|couple|luxury,standard_pass,134,0.8897,198.37,22.2,2.0,100.54
one_time|solo|luxury,standard_pass,131,0.295,195.27,0.9,1.0,97.59
frequent|group|standard,standard_pass,125,0.7471,137.04,11.2,8.0,42.37
occasional|family_large|luxury,standard_pass,119,0.5121,179.13,2.4,5.5,49.79
regular|family_large|premium,standard_pass,107,0.6873,138.3,6.4,5.5,67.36
occasional|couple|luxury,standard_pass,100,0.5822,193.85,2.5,2.0,118.68
occasional|family_small|premium,standard_pass,98,0.5797,155.21,2.9,3.5,98.46
frequent|couple|luxury,standard_pass,88,0.7641,182.03,13.3,2.0,112.95
season_pass|couple|premium,standard_pass,88,0.9051,152.22,28.5,2.0,31.7
frequent|family_small|value,standard_pass,70,0.8791,98.64,13.4,3.5,72.05
regular|couple|premium,standard_pass,60,0.6701,125.01,6.7,2.0,76.4
season_pass|group|premium,standard_pass,59,0.9324,156.12,24.9,8.0,69.73
one_time|family_large|standard,standard_pass,52,0.2157,112.15,1.0,5.5,96.83
season_pass|family_large|budget,vip_pass,797,0.9527,246.18,26.8,5.5,52.16
frequent|solo|value,vip_pass,792,0.8598,326.55,13.0,1.0,50.22
occasional|family_large|premium,vip_pass,790,0.4492,484.93,2.3,5.5,63.22
season_pass|group|standard,vip_pass,789,0.98,338.23,27.4,8.0,37.18
frequent|group|budget,vip_pass,788,0.8074,266.71,13.3,8.0,33.16
season_pass|family_large|premium,vip_pass,780,0.9788,518.56,27.8,5.5,60.31
one_time|family_large|premium,vip_pass,764,0.288,425.12,1.0,5.5,115.19
one_time|solo|value,vip_pass,760,0.2636,383.73,1.1,1.0,63.22
regular|couple|budget,vip_pass,760,0.7522,321.31,5.3,2.0,89.18
regular|couple|value,vip_pass,750,0.6391,301.9,5.3,2.0,117.65
occasional|couple|budget,vip_pass,743,0.5153,250.26,2.4,2.0,41.5
regular|family_small|premium,vip_pass,743,0.6586,419.82,6.2,3.5,51.94
season_pass|family_small|budget,vip_pass,731,0.8246,295.04,26.6,3.5,107.42
one_time|group|budget,vip_pass,720,0.2516,245.08,1.0,8.0,42.11
occasional|family_large|budget,vip_pass,719,0.5347,309.45,2.8,5.5,75.01
occasional|couple|premium,vip_pass,705,0.5313,461.73,2.4,2.0,111.5
occasional|couple|luxury,vip_pass,703,0.4197,582.57,2.5,2.0,37.39
frequent|group|value,vip_pass,693,0.8579,319.85,13.9,8.0,79.89
occasional|family_small|value,vip_pass,681,0.4887,303.54,2.1,3.5,54.04
occasional|group|luxury,vip_pass,678,0.5478,501.91,2.6,8.0,65.22
regular|group|luxury,vip_pass,673,0.6929,490.46,6.7,8.0,79.61
one_time|family_small|budget,vip_pass,672,0.2632,267.75,1.2,3.5,59.78
one_time|couple|standard,vip_pass,669,0.2641,333.88,1.1,2.0,60.99
season_pass|family_small|luxury,vip_pass,668,0.8871,566.53,19.8,3.5,102.42
season_pass|couple|luxury,vip_pass,667,0.8633,579.78,20.9,2.0,83.91
season_pass|solo|premium,vip_pass,665,0.9061,388.53,25.3,1.0,53.15
frequent|family_small|standard,vip_pass,664,0.8761,366.4,10.9,3.5,42.33
occasional|group|budget,vip_pass,660,0.4586,327.27,2.6,8.0,86.03
frequent|couple|premium,vip_pass,656,0.7964,396.93,13.5,2.0,77.99
one_time|solo|premium,vip_pass,654,0.1869,413.01,0.8,1.0,90.34
frequent|family_small|premium,vip_pass,645,0.8296,512.48,14.4,3.5,97.73
frequent|family_large|standard,vip_pass,638,0.866,427.29,11.3,5.5,116.9
season_pass|solo|luxury,vip_pass,627,0.9774,641.45,20.7,1.0,94.6
regular|family_small|budget,vip_pass,626,0.6497,311.33,6.2,3.5,42.65
frequent|family_large|budget,vip_pass,625,0.7937,251.6,10.0,5.5,41.63
regular|solo|budget,vip_pass,618,0.742,255.33,5.5,1.0,41.39
frequent|solo|luxury,vip_pass,616,0.8049,567.07,14.3,1.0,82.17
frequent|group|standard,vip_pass,615,0.7924,328.32,12.6,8.0,80.3
regular|family_large|standard,vip_pass,613,0.7305,396.73,6.9,5.5,77.42
regular|group|premium,vip_pass,595,0.7062,476.35,6.6,8.0,109.0
one_time|couple|budget,vip_pass,586,0.3229,294.63,1.1,2.0,62.49
frequent|couple|standard,vip_pass,576,0.8583,384.5,13.7,2.0,50.47
regular|family_large|premium,vip_pass,571,0.6939,500.75,4.9,5.5,118.27
season_pass|couple|premium,vip_pass,568,0.9048,458.8,25.7,2.0,34.83
frequent|group|premium,vip_pass,565,0.7943,437.29,10.6,8.0,57.72
one_time|group|standard,vip_pass,563,0.2258,389.1,1.0,8.0,36.59
regular|group|value,vip_pass,558,0.7276,344.13,6.0,8.0,51.8
one_time|group|value,vip_pass,555,0.1513,377.02,0.8,8.0,118.2
one_time|family_small|premium,vip_pass,547,0.231,508.15,1.0,3.5,80.78
occasional|family_large|standard,vip_pass,532,0.3992,370.47,2.6,5.5,96.88
one_time|family_large|budget,vip_pass,526,0.2606,273.6,0.9,5.5,105.47
regular|couple|standard,vip_pass,523,0.7663,406.24,6.2,2.0,80.7
one_time|couple|premium,vip_pass,522,0.2465,470.64,1.0,2.0,73.77
season_pass|group|premium,vip_pass,514,0.8791,430.19,24.6,8.0,96.53
regular|couple|luxury,vip_pass,488,0.6627,590.83,6.7,2.0,105.11
one_time|family_small|standard,vip_pass,484,0.2947,362.57,1.0,3.5,103.25
season_pass|group|budget,vip_pass,481,0.8576,313.97,21.3,8.0,108.41
season_pass|solo|value,vip_pass,467,0.9529,363.03,24.7,1.0,108.61
occasional|family_large|value,vip_pass,463,0.5132,331.13,2.6,5.5,93.97
one_time|group|luxury,vip_pass,456,0.1777,616.7,1.0,8.0,105.56
occasional|family_small|premium,vip_pass,428,0.5332,433.24,2.1,3.5,86.51
regular|solo|luxury,vip_pass,424,0.6882,491.56,6.3,1.0,31.75
season_pass|solo|budget,vip_pass,419,0.8849,244.69,21.5,1.0,67.3
regular|family_large|budget,vip_pass,403,0.7368,242.41,6.0,5.5,48.62
one_time|solo|luxury,vip_pass,401,0.304,650.38,0.9,1.0,74.93
frequent|couple|value,vip_pass,401,0.9413,378.28,10.6,2.0,66.98
frequent|solo|standard,vip_pass,399,0.8577,339.39,11.7,1.0,113.03
regular|couple|premium,vip_pass,397,0.7671,460.37,6.9,2.0,52.46
occasional|couple|value,vip_pass,389,0.4626,390.52,2.1,2.0,67.92
season_pass|solo|standard,vip_pass,389,0.926,370.11,21.0,1.0,118.48
season_pass|family_large|value,vip_pass,387,0.9132,380.29,28.0,5.5,76.4
frequent|couple|budget,vip_pass,383,0.8545,325.75,13.9,2.0,63.3
frequent|family_small|luxury,vip_pass,350,0.8339,628.28,12.4,3.5,87.89
occasional|couple|standard,vip_pass,346,0.5473,344.11,2.5,2.0,100.91
frequent|family_small|budget,vip_pass,343,0.7895,301.44,12.7,3.5,34.35
occasional|solo|budget,vip_pass,340,0.4995,243.58,2.7,1.0,45.88
regular|solo|premium,vip_pass,333,0.6809,433.97,5.5,1.0,106.89
occasional|family_small|luxury,vip_pass,332,0.557,605.15,2.5,3.5,89.64
frequent|group|luxury,vip_pass,332,0.791,623.25,12.4,8.0,35.38
season_pass|couple|standard,vip_pass,328,0.8843,415.92,25.8,2.0,106.87
frequent|family_large|luxury,vip_pass,326,0.839,515.07,9.8,5.5,82.52
regular|family_small|standard,vip_pass,324,0.742,397.99,6.9,3.5,88.01
occasional|solo|value,vip_pass,322,0.549,364.83,2.2,1.0,44.69
one_time|couple|value,vip_pass,319,0.1811,386.1,0.8,2.0,66.61
frequent|family_small|value,vip_pass,317,0.8156,297.29,11.1,3.5,38.65
one_time|family_large|value,vip_pass,311,0.2748,358.22,1.2,5.5,91.98
occasional|solo|standard,vip_pass,294,0.5201,338.02,2.0,1.0,75.08
season_pass|family_small|premium,vip_pass,284,0.9206,392.81,23.4,3.5,88.75
occasional|group|standard,vip_pass,281,0.5048,386.79,2.1,8.0,59.21
occasional|family_small|standard,vip_pass,271,0.4655,362.71,2.6,3.5,103.92
frequent|couple|luxury,vip_pass,269,0.9049,608.24,14.3,2.0,72.64
occasional|solo|premium,vip_pass,259,0.5119,464.64,2.1,1.0,71.45
regular|group|standard,vip_pass,258,0.7679,434.11,6.7,8.0,103.85
frequent|family_large|premium,vip_pass,252,0.8552,519.74,13.1,5.5,36.19
occasional|family_small|budget,vip_pass,249,0.4443,247.73,2.6,3.5,112.46
season_pass|family_small|standard,vip_pass,249,0.929,410.63,24.6,3.5,100.92
one_time|family_small|value,vip_pass,224,0.2961,357.86,1.1,3.5,70.11
one_time|family_small|luxury,vip_pass,222,0.1534,620.12,0.8,3.5,65.81
occasional|group|premium,vip_pass,221,0.5453,445.55,2.7,8.0,36.91
occasional|solo|luxury,vip_pass,209,0.4796,631.86,3.0,1.0,103.44
season_pass|couple|value,vip_pass,184,0.9552,360.19,24.8,2.0,96.08
occasional|group|value,vip_pass,183,0.5038,356.23,2.7,8.0,45.43
frequent|family_large|value,vip_pass,180,0.8046,334.83,10.7,5.5,72.94
regular|family_large|luxury,vip_pass,172,0.7262,592.72,6.6,5.5,94.64
one_time|couple|luxury,vip_pass,168,0.2784,512.05,1.1,2.0,106.96
season_pass|couple|budget,vip_pass,164,0.9337,277.16,24.6,2.0,35.77
season_pass|family_large|luxury,vip_pass,159,0.9358,629.88,23.1,5.5,67.48
one_time|group|premium,vip_pass,158,0.2721,523.59,0.8,8.0,95.41
season_pass|group|value,vip_pass,155,0.9143,347.09,22.9,8.0,106.54
season_pass|family_small|value,vip_pass,154,0.8938,380.19,28.5,3.5,66.74
regular|family_large|value,vip_pass,147,0.7469,299.2,5.4,5.5,64.05
regular|solo|standard,vip_pass,146,0.6638,353.23,6.4,1.0,94.37
one_time|family_large|luxury,vip_pass,145,0.2628,488.83,1.1,5.5,115.34
season_pass|family_large|standard,vip_pass,135,0.833,426.51,22.2,5.5,43.56
occasional|family_large|luxury,vip_pass,129,0.494,609.11,2.6,5.5,76.09
regular|group|budget,vip_pass,128,0.5821,325.46,6.4,8.0,73.17
frequent|solo|premium,vip_pass,114,0.8535,483.47,12.8,1.0,111.35
season_pass|group|luxury,vip_pass,111,0.9291,651.02,23.5,8.0,47.04
one_time|family_large|standard,vip_pass,109,0.2828,333.84,0.9,5.5,97.3
regular|family_small|value,vip_pass,97,0.7165,307.98,6.9,3.5,81.2
one_time|solo|budget,vip_pass,92,0.2901,282.19,1.1,1.0,48.29
regular|family_small|luxury,vip_pass,91,0.677,491.56,5.0,3.5,113.55
regular|solo|value,vip_pass,86,0.7715,350.97,7.2,1.0,105.17
one_time|solo|standard,vip_pass,78,0.198,365.93,0.8,1.0,81.46
frequent|solo|budget,vip_pass,53,0.7603,258.51,12.9,1.0,56.96
